"Code";"Nb_visite"
"01004";23587
"01014";3842
"01024";4368
"01025";4519
"01031";3953
"01032";4848
"01033";13495
"01034";12398
"01043";6082
"01049";4841
"01053";49752
"01071";6305
"01093";5069
"01138";4872
"01142";7078
"01143";10190
"01159";4354
"01160";7454
"01173";17549
"01185";2808
"01194";8575
"01202";11861
"01224";6139
"01244";10490
"01249";15089
"01262";9523
"01263";4409
"01265";3650
"01269";4133
"01281";3725
"01283";35952
"01289";6746
"01313";7886
"01320";5448
"01322";7406
"01333";4687
"01344";7836
"01354";14174
"01376";5822
"01419";5234
"01427";10668
"01443";7915
"01450";5393
"01451";7423
"02064";4121
"02095";10764
"02168";18835
"02173";19490
"02340";8971
"02361";7534
"02381";12468
"02408";46992
"02691";97279
"02722";40255
"02738";20808
"02810";14868
"03013";4447
"03023";10248
"03082";7728
"03095";14410
"03098";5230
"03101";10632
"03118";7054
"03185";37548
"03190";20150
"03236";5544
"03254";5489
"03298";3259
"03310";25231
"03321";13010
"04049";6163
"04070";18727
"04088";4687
"04112";35366
"04116";5626
"04143";5950
"04152";4226
"04197";4572
"04209";8424
"04242";6067
"05023";12530
"05046";6024
"05061";55078
"05070";3278
"06004";98952
"06011";2777
"06012";5131
"06018";12288
"06027";66917
"06029";96089
"06030";54986
"06032";1697
"06033";23047
"06038";4697
"06044";10073
"06046";3658
"06048";10442
"06054";8494
"06064";5330
"06065";7476
"06069";107863
"06075";7510
"06079";32633
"06083";23299
"06084";16903
"06085";25349
"06088";529150
"06090";13082
"06095";14698
"06104";7142
"06105";9634
"06108";9535
"06112";4733
"06114";8554
"06118";4548
"06122";5033
"06123";43015
"06126";4632
"06130";5930
"06136";3223
"06147";6034
"06148";4829
"06149";16094
"06152";19430
"06155";37608
"06157";24785
"06159";4243
"06161";23129
"07010";23796
"07019";15002
"07042";9751
"07102";12725
"07186";12026
"07281";9751
"07319";12660
"07324";13788
"07331";3790
"07346";4234
"07349";6430
"08081";7834
"08105";80806
"08190";8021
"08328";9319
"08362";12446
"08363";7987
"08409";32882
"08480";4435
"08490";6965
"08491";6254
"09122";14916
"09160";6149
"09185";7963
"09225";27689
"09261";6187
"09282";7322
"09324";4805
"10003";2621
"10033";5165
"10081";22968
"10268";6866
"10297";7363
"10321";5662
"10323";19339
"10325";6758
"10333";18168
"10343";9022
"10362";13195
"10387";91488
"11069";80287
"11076";14172
"11106";8942
"11116";5177
"11145";4351
"11170";4416
"11202";3221
"11203";21384
"11206";13265
"11262";80654
"11266";7361
"11379";8153
"11397";8186
"11429";8659
"12013";3250
"12052";5354
"12089";4675
"12096";4922
"12133";8398
"12145";25985
"12174";4152
"12176";15874
"12202";25418
"12208";9458
"12270";3151
"12300";13344
"13001";190402
"13002";32762
"13004";83767
"13005";70162
"13007";19298
"13010";4632
"13014";24965
"13015";30571
"13016";9953
"13018";5839
"13019";20352
"13021";7570
"13022";6655
"13023";6050
"13026";37790
"13027";24977
"13028";47160
"13030";7982
"13031";8242
"13032";13464
"13033";8806
"13035";12283
"13036";5282
"13037";15396
"13038";3346
"13039";28848
"13040";23724
"13041";51859
"13042";9235
"13043";19202
"13044";7130
"13045";7598
"13046";8107
"13047";74882
"13048";5280
"13050";13265
"13051";15838
"13053";11282
"13054";71798
"13056";74153
"13059";6098
"13060";10951
"13062";8755
"13063";46810
"13065";4483
"13066";8302
"13069";16001
"13070";8820
"13071";34128
"13072";7500
"13073";10656
"13074";8242
"13075";17131
"13076";5666
"13077";39250
"13078";15535
"13080";8443
"13081";23772
"13082";4702
"13083";4752
"13084";7606
"13085";10303
"13086";14453
"13087";11645
"13088";9355
"13089";4774
"13091";7918
"13092";13018
"13097";22109
"13098";9089
"13100";12629
"13101";7858
"13102";11366
"13103";74995
"13104";8695
"13105";13685
"13106";21888
"13107";10932
"13108";21631
"13110";21598
"13112";13370
"13113";12852
"13114";7728
"13117";72202
"13118";6406
"13119";11534
"14020";7464
"14027";5414
"14047";15134
"14061";2875
"14068";7987
"14076";14299
"14098";8774
"14101";7452
"14117";3792
"14118";141420
"14167";13070
"14174";4812
"14181";7970
"14191";3984
"14220";2383
"14225";6970
"14228";7265
"14258";11112
"14271";8494
"14301";8328
"14327";37879
"14333";10082
"14341";21370
"14342";2597
"14366";22210
"14371";4200
"14431";9490
"14437";15233
"14456";7090
"14488";14755
"14514";5227
"14654";5148
"14658";1529
"14689";3336
"14699";4152
"14712";6151
"14715";3629
"14726";3528
"14738";7471
"14762";13174
"15012";9180
"15014";29858
"15120";3367
"15187";6962
"15267";7572
"16015";55426
"16028";4925
"16061";5479
"16078";6060
"16089";4303
"16090";3089
"16097";2448
"16102";24281
"16113";9110
"16138";4915
"16154";6482
"16166";6019
"16167";4078
"16192";3564
"16281";2237
"16287";5225
"16291";8342
"16292";4920
"16358";8923
"16374";13594
"17003";5614
"17010";5088
"17021";3326
"17028";13452
"17058";2832
"17086";4133
"17093";4265
"17094";6187
"17142";8078
"17146";3638
"17168";3972
"17194";7272
"17197";4452
"17200";8602
"17218";5186
"17219";4714
"17264";7670
"17274";14983
"17283";3742
"17291";8210
"17299";30271
"17300";99691
"17306";12737
"17333";2443
"17337";3082
"17347";9410
"17360";2887
"17380";1651
"17385";6041
"17407";10190
"17409";2537
"17414";7865
"17415";30022
"17421";5806
"17429";3473
"17434";9977
"17449";11126
"17452";3185
"17461";2249
"18015";5947
"18033";85649
"18050";5671
"18087";4934
"18141";7706
"18197";7978
"18205";11969
"18207";6631
"18213";5782
"18267";4750
"18279";32426
"19005";4898
"19031";51662
"19073";3938
"19123";9151
"19153";3766
"19229";6240
"19272";13666
"19274";5549
"19275";9989
"21038";10750
"21054";25097
"21154";7416
"21166";29700
"21171";19104
"21231";205514
"21278";11386
"21292";8342
"21317";7176
"21355";13457
"21390";9259
"21425";5102
"21464";6696
"21515";14330
"21540";11916
"21603";3893
"21617";19870
"22004";5868
"22046";1994
"22050";13332
"22054";2179
"22055";3425
"22070";8609
"22081";5530
"22093";12958
"22106";10142
"22113";23549
"22118";4740
"22136";11635
"22162";4210
"22168";4961
"22171";6240
"22176";10438
"22183";4975
"22186";3158
"22187";14695
"22190";6744
"22194";2962
"22198";3418
"22203";4690
"22206";4776
"22209";4757
"22211";5285
"22213";4454
"22215";13534
"22222";3725
"22225";7380
"22251";7409
"22258";5662
"22259";5064
"22278";54586
"22282";1920
"22343";3278
"22360";10178
"22389";7135
"23096";18007
"23176";4711
"24026";3492
"24037";28267
"24053";11023
"24064";1555
"24102";5659
"24138";10375
"24294";8830
"24309";3691
"24312";4409
"24322";37973
"24340";4577
"24352";3610
"24372";6787
"24520";8232
"24547";6953
"24557";7786
"25031";26026
"25047";7802
"25048";5316
"25056";196661
"25057";10166
"25228";5868
"25284";11822
"25304";5839
"25321";9703
"25356";8333
"25367";7075
"25388";43085
"25411";10382
"25434";5448
"25462";23206
"25463";4010
"25527";8119
"25539";6305
"25547";7140
"25578";10824
"25580";17935
"26010";5016
"26037";5160
"26057";14710
"26058";25402
"26064";9218
"26084";7169
"26088";11616
"26108";9046
"26113";4202
"26116";8998
"26124";9552
"26165";14467
"26166";9365
"26197";6103
"26198";49289
"26218";4454
"26220";4982
"26235";20659
"26250";6043
"26252";16262
"26271";4567
"26281";47333
"26301";4877
"26313";9571
"26324";13253
"26325";10680
"26333";4332
"26347";7978
"26362";101066
"27016";11251
"27022";7853
"27049";1250
"27056";9986
"27065";6466
"27090";5242
"27103";8350
"27105";6504
"27112";2518
"27116";5347
"27165";5707
"27198";2815
"27213";2549
"27226";4286
"27229";70253
"27230";4956
"27275";10363
"27284";15451
"27299";4798
"27375";27228
"27428";4812
"27448";5798
"27467";10922
"27469";6938
"27507";4848
"27528";4872
"27562";5606
"27602";6485
"27638";4939
"27679";6862
"27681";33686
"27701";26902
"28012";1697
"28015";9034
"28051";5107
"28070";5266
"28085";53088
"28088";14474
"28103";3038
"28110";5098
"28134";42396
"28140";6672
"28168";4378
"28209";8174
"28218";23777
"28220";7716
"28227";5323
"28229";16714
"28279";4565
"28280";9329
"28348";4774
"28359";5074
"28404";16289
"28422";4610
"29003";1483
"29004";7207
"29006";3216
"29011";5993
"29015";7104
"29019";207528
"29020";9648
"29024";6797
"29026";5712
"29027";3888
"29030";5220
"29031";5218
"29037";4882
"29039";20261
"29042";6612
"29046";12216
"29049";4860
"29051";13673
"29057";3346
"29058";8554
"29061";12139
"29069";14369
"29075";26556
"29076";3346
"29101";4430
"29103";23911
"29105";16642
"29117";9396
"29124";11203
"29130";8724
"29135";2690
"29140";7951
"29146";4774
"29147";6137
"29150";6173
"29151";19769
"29158";4039
"29160";17434
"29162";4968
"29165";3456
"29170";5765
"29171";5009
"29174";8806
"29177";6950
"29178";8858
"29179";6326
"29185";3754
"29189";20832
"29190";6785
"29191";4534
"29195";9406
"29197";3343
"29199";7166
"29207";6331
"29209";7375
"29212";21600
"29216";6821
"29220";8174
"29232";98052
"29233";17086
"29235";18768
"29236";4334
"29239";2417
"29241";9605
"29247";5124
"29254";4954
"29259";8381
"29260";15314
"29272";5774
"29274";6017
"29293";7118
"29302";4982
"30003";11455
"30004";5784
"30006";11863
"30007";62040
"30010";4063
"30011";8400
"30012";5791
"30028";27070
"30032";26362
"30033";10195
"30034";13966
"30036";5774
"30047";9182
"30060";5851
"30062";9746
"30075";6571
"30082";6710
"30123";7010
"30125";8563
"30128";6115
"30132";7018
"30133";6816
"30135";6014
"30141";10066
"30155";10147
"30156";13373
"30169";10318
"30189";274526
"30202";13663
"30206";5294
"30209";4690
"30210";5222
"30211";6530
"30217";10627
"30221";7236
"30223";5280
"30227";3938
"30243";9456
"30258";26088
"30259";7193
"30263";6262
"30274";3706
"30276";5604
"30284";5760
"30294";6658
"30305";5554
"30321";9127
"30333";7505
"30334";9857
"30341";17386
"30344";10066
"30350";3917
"30351";11378
"31022";18691
"31032";15439
"31033";19618
"31035";5338
"31044";31260
"31048";7075
"31056";13418
"31066";8184
"31069";42924
"31079";8522
"31091";12110
"31107";9898
"31113";22142
"31116";21242
"31117";7226
"31118";14206
"31135";7742
"31149";83213
"31150";14882
"31157";39458
"31165";13116
"31169";13334
"31182";11770
"31187";25169
"31188";13762
"31202";10874
"31203";17705
"31230";8234
"31232";16289
"31248";13944
"31254";5609
"31282";19243
"31287";7301
"31291";18000
"31299";7378
"31341";14453
"31351";10618
"31358";6283
"31389";6986
"31395";43301
"31396";9655
"31410";8630
"31417";15521
"31421";7673
"31424";38702
"31433";18965
"31445";9058
"31446";24031
"31451";10589
"31454";5858
"31458";9866
"31460";8064
"31467";12605
"31483";13354
"31488";19824
"31490";13966
"31499";19406
"31506";21242
"31526";19771
"31547";17393
"31555";765833
"31557";51595
"31561";17849
"31573";7524
"31582";10378
"31584";9931
"31588";20935
"32013";30931
"32107";8256
"32119";4306
"32132";7157
"32160";17678
"32208";3641
"32256";4488
"32462";4229
"33003";62071
"33005";10514
"33009";6461
"33011";6838
"33012";8208
"33013";17702
"33018";3742
"33019";13116
"33029";11930
"33032";14364
"33036";5602
"33039";51055
"33042";11491
"33051";17054
"33056";41362
"33058";7188
"33063";381422
"33065";7282
"33069";38018
"33075";38878
"33080";18926
"33090";13289
"33096";16315
"33099";8604
"33104";11006
"33119";54540
"33122";35309
"33138";12391
"33140";11340
"33162";51214
"33165";8345
"33167";37843
"33192";37865
"33199";26052
"33200";23321
"33203";5066
"33207";15917
"33213";7594
"33214";6233
"33227";11750
"33229";7159
"33234";6065
"33236";8736
"33238";25982
"33240";6384
"33243";36480
"33249";54564
"33256";12581
"33262";9787
"33273";17100
"33274";8647
"33281";118625
"33284";20652
"33293";8642
"33312";26446
"33314";6034
"33318";98292
"33322";16116
"33324";5645
"33330";7853
"33333";6012
"33352";6038
"33363";12766
"33366";30576
"33376";19990
"33381";7555
"33393";9751
"33397";14897
"33422";26520
"33424";8390
"33433";33204
"33449";86630
"33473";5227
"33474";8839
"33483";12324
"33498";13037
"33501";8726
"33519";31632
"33522";69571
"33527";13082
"33529";30365
"33535";10596
"33539";9929
"33550";63845
"33555";9770
"34003";35810
"34022";14767
"34023";9062
"34028";7546
"34031";6847
"34032";134280
"34037";4063
"34051";5594
"34052";4567
"34057";35933
"34058";10157
"34069";8306
"34077";7642
"34079";15614
"34087";7106
"34088";14683
"34090";17182
"34095";12010
"34101";6065
"34108";36804
"34111";6367
"34113";12804
"34114";12420
"34116";14302
"34120";12221
"34123";22265
"34129";23184
"34134";5645
"34135";4092
"34142";10358
"34145";56782
"34146";9065
"34147";6156
"34148";6874
"34150";8630
"34151";10608
"34154";26930
"34157";16949
"34159";4382
"34161";5810
"34162";7334
"34163";9425
"34169";4769
"34172";486413
"34183";5462
"34192";7212
"34194";5854
"34198";12684
"34199";12600
"34202";15502
"34213";11863
"34217";11568
"34239";12413
"34240";7178
"34244";5993
"34247";4891
"34255";14040
"34259";8561
"34270";18619
"34276";8422
"34298";8508
"34299";8467
"34300";9910
"34301";66041
"34309";8086
"34324";3842
"34327";11594
"34332";8189
"34333";5383
"34336";5782
"34337";17071
"34341";7176
"34344";7265
"35001";11491
"35004";1512
"35006";7270
"35012";11554
"35013";4529
"35023";7994
"35024";21238
"35031";9269
"35032";9480
"35033";7054
"35037";12019
"35040";5772
"35047";28721
"35049";6182
"35051";21211
"35055";16250
"35059";8342
"35066";13457
"35068";13798
"35069";17477
"35076";7118
"35085";8806
"35088";6228
"35093";8165
"35095";6238
"35099";8950
"35115";22229
"35120";11976
"35123";7764
"35125";4414
"35126";13522
"35127";7738
"35131";7891
"35133";7140
"35136";13147
"35139";8868
"35150";3967
"35152";15547
"35162";3019
"35168";5297
"35173";12708
"35176";6379
"35177";9204
"35179";7673
"35184";8815
"35188";8851
"35189";5664
"35196";9600
"35204";6991
"35206";10469
"35207";9607
"35208";11148
"35210";19416
"35219";5671
"35223";6204
"35227";7186
"35228";12502
"35236";9466
"35238";312941
"35239";7253
"35240";14448
"35245";7378
"35251";7519
"35253";6226
"35257";4555
"35266";5688
"35275";9026
"35278";15166
"35281";24835
"35288";51132
"35297";6298
"35299";7692
"35308";5364
"35327";7231
"35334";16541
"35337";6854
"35352";12317
"35353";8278
"35360";25109
"35363";7073
"36005";3994
"36006";4142
"36018";5882
"36031";4291
"36044";51473
"36046";3043
"36063";7764
"36088";9862
"36159";5710
"36202";3182
"37003";15780
"37014";6024
"37018";11042
"37027";7109
"37031";4085
"37050";14570
"37054";5587
"37063";5712
"37072";10080
"37077";7291
"37104";12588
"37109";14842
"37122";58757
"37123";6636
"37132";7735
"37139";6799
"37153";7702
"37154";7788
"37156";17815
"37159";13471
"37163";4082
"37172";6754
"37195";14208
"37208";18650
"37214";16322
"37226";5292
"37233";29700
"37261";179611
"37266";9878
"37267";7978
"37273";9526
"37281";4217
"38001";5126
"38006";5688
"38013";4913
"38022";7222
"38034";6360
"38053";45622
"38061";4620
"38071";4462
"38085";21900
"38087";12322
"38097";9770
"38111";10987
"38126";4205
"38130";4958
"38133";7226
"38138";3950
"38140";13082
"38150";9226
"38151";67598
"38157";4651
"38158";16488
"38169";32856
"38170";4327
"38175";4810
"38179";10625
"38185";220843
"38189";7195
"38193";35657
"38200";5069
"38229";24578
"38239";10776
"38247";5633
"38249";8458
"38261";4858
"38269";5880
"38298";8981
"38314";13416
"38315";3818
"38316";12718
"38317";17405
"38318";8513
"38332";4186
"38337";8916
"38344";9989
"38348";6890
"38374";5210
"38377";5376
"38378";5054
"38382";24473
"38389";4942
"38397";9619
"38399";5122
"38400";4889
"38412";5470
"38416";7721
"38421";51722
"38422";7757
"38423";7954
"38425";9960
"38439";5669
"38449";9182
"38451";4733
"38455";6725
"38468";5890
"38474";15857
"38485";16171
"38486";11093
"38507";14830
"38509";15089
"38516";7973
"38517";11354
"38524";10654
"38529";5407
"38537";12497
"38538";8508
"38544";39859
"38545";13188
"38547";11239
"38548";5311
"38553";37685
"38557";7970
"38559";5148
"38562";10529
"38563";26287
"38565";11614
"39097";8261
"39198";35966
"39300";17784
"39368";6283
"39434";3967
"39470";5040
"39478";7862
"39526";5635
"40001";7459
"40036";6876
"40046";17290
"40065";9583
"40088";24840
"40119";5496
"40133";12790
"40184";6266
"40192";44256
"40197";5134
"40209";10980
"40217";9187
"40224";5290
"40273";10841
"40279";15787
"40281";13966
"40282";6415
"40283";4889
"40284";10514
"40287";7469
"40296";4939
"40304";3646
"40310";9288
"40312";28238
"40317";5294
"41018";82661
"41047";5357
"41059";4932
"41106";4524
"41136";8302
"41149";2573
"41150";3679
"41151";2522
"41167";3965
"41173";2513
"41194";19687
"41220";5945
"41232";5350
"41242";4219
"41269";16051
"41295";10445
"42005";18206
"42022";7529
"42044";19193
"42052";3223
"42059";7464
"42071";5604
"42094";9864
"42095";29890
"42097";6458
"42099";5542
"42103";8261
"42110";7166
"42123";6751
"42127";8448
"42147";19277
"42149";6744
"42168";4735
"42183";15600
"42184";11510
"42186";25963
"42187";35779
"42189";13094
"42207";52390
"42218";263040
"42222";7781
"42223";10416
"42225";5539
"42234";4303
"42237";10116
"42256";8904
"42259";5522
"42271";7798
"42275";9067
"42279";21108
"42285";6893
"42299";4716
"42302";12199
"42304";13481
"42305";9108
"42316";13145
"42323";13205
"42330";11590
"42332";5678
"43012";8765
"43020";6319
"43040";7447
"43041";5458
"43089";4351
"43112";3173
"43137";11491
"43157";26203
"43177";4666
"43190";5731
"43205";6528
"43224";9816
"43251";3905
"43268";10154
"44002";8131
"44003";8834
"44005";6264
"44009";11904
"44012";2820
"44014";6055
"44015";14266
"44018";14270
"44020";38328
"44021";5076
"44025";6115
"44026";29100
"44028";5230
"44029";9533
"44030";6758
"44032";6612
"44035";30859
"44036";12379
"44041";9943
"44043";9917
"44045";7553
"44047";37651
"44049";3098
"44051";4714
"44052";12094
"44055";12854
"44056";6365
"44063";5431
"44064";7738
"44066";14208
"44067";5885
"44068";4733
"44069";18862
"44070";7277
"44071";8359
"44072";11866
"44073";11496
"44074";7135
"44081";6125
"44082";10217
"44084";15432
"44087";8023
"44089";6790
"44094";4985
"44096";6499
"44098";8628
"44101";10572
"44102";4644
"44103";10999
"44109";443686
"44110";14705
"44113";5705
"44114";38534
"44115";5736
"44117";5556
"44120";8705
"44122";6778
"44126";4380
"44128";6574
"44129";16111
"44130";11578
"44131";14345
"44132";11590
"44135";2722
"44137";5726
"44143";69758
"44149";7010
"44150";5921
"44151";10788
"44154";12835
"44155";6643
"44158";12955
"44161";4666
"44162";82658
"44163";4764
"44166";11390
"44168";6103
"44169";11285
"44172";24305
"44175";7262
"44179";10745
"44180";3674
"44182";5933
"44184";94068
"44186";12384
"44187";6490
"44188";14316
"44190";39190
"44194";12658
"44195";14146
"44198";13685
"44201";11282
"44204";18209
"44209";17484
"44210";13270
"44211";4241
"44212";14093
"44213";5664
"44215";34555
"44216";5990
"44217";10534
"44223";4766
"45004";13214
"45028";9542
"45053";6125
"45067";6804
"45068";12914
"45075";14232
"45082";12012
"45089";11119
"45098";5273
"45115";3295
"45142";5522
"45145";3350
"45146";9677
"45147";33641
"45155";15797
"45169";13306
"45173";7044
"45191";7130
"45203";10080
"45208";15842
"45224";6706
"45232";24257
"45234";143076
"45235";5954
"45247";3814
"45252";9770
"45258";3600
"45269";5899
"45272";3432
"45274";9266
"45284";29297
"45285";25133
"45286";11436
"45298";8009
"45300";6305
"45302";22414
"45315";6934
"45327";5340
"45338";6319
"46042";26899
"46102";9631
"46127";3665
"46128";2945
"46224";5419
"46251";3557
"47001";51338
"47004";7596
"47031";7654
"47032";9502
"47052";4109
"47100";7416
"47106";4505
"47145";5069
"47157";18559
"47195";7274
"47201";12838
"47209";5174
"47215";4330
"47252";8702
"47310";13366
"47323";26095
"48092";5614
"48095";17762
"48140";4522
"49007";221815
"49015";19766
"49018";6658
"49020";7726
"49021";9007
"49023";11974
"49035";9211
"49050";6430
"49060";2350
"49063";8755
"49069";5662
"49080";4850
"49086";3278
"49092";14184
"49099";60667
"49125";8914
"49127";4550
"49129";7510
"49167";3989
"49176";8669
"49180";8194
"49183";6247
"49193";4363
"49194";8246
"49200";4795
"49214";11124
"49215";4452
"49218";4394
"49220";2618
"49223";8136
"49228";2450
"49244";7358
"49246";18098
"49248";4164
"49261";3317
"49267";12514
"49278";4289
"49283";6103
"49292";4006
"49298";4711
"49301";11779
"49307";6773
"49323";7810
"49328";27917
"49331";10430
"49332";6425
"49345";3847
"49347";6370
"49353";28142
"49367";4351
"49373";5587
"49377";4524
"50002";5134
"50025";8947
"50041";4558
"50076";2909
"50082";6312
"50099";7505
"50129";52090
"50139";4570
"50147";8417
"50218";10954
"50236";2088
"50410";3103
"50484";3276
"50487";3139
"50502";27912
"50532";3252
"50546";1980
"50550";2489
"50601";3602
"50615";7042
"50639";3734
"51030";4315
"51055";10968
"51058";4046
"51108";69130
"51172";8594
"51230";35256
"51242";7358
"51250";9410
"51380";4334
"51388";7747
"51454";291466
"51474";6038
"51506";9406
"51507";5062
"51535";6446
"51559";5138
"51573";15221
"51649";17256
"51662";7788
"52121";29705
"52269";7836
"52353";3223
"52448";35150
"53034";8414
"53054";8107
"53062";12840
"53084";4553
"53096";5357
"53097";6499
"53119";5856
"53130";69310
"53140";6266
"53147";13625
"53201";9190
"54039";5782
"54076";7073
"54079";10145
"54090";7872
"54099";8566
"54115";12648
"54157";8962
"54159";20513
"54174";9218
"54184";15199
"54215";11875
"54254";4939
"54257";7130
"54261";5484
"54263";9511
"54270";4558
"54273";10879
"54274";18468
"54280";8858
"54300";15120
"54304";22550
"54314";4498
"54318";11162
"54322";6110
"54323";16615
"54328";8803
"54329";32314
"54339";13903
"54357";20498
"54382";11585
"54395";143885
"54397";11494
"54415";7178
"54430";8597
"54431";26774
"54439";10826
"54451";5074
"54482";15914
"54483";14302
"54495";8066
"54498";9979
"54526";20402
"54528";29916
"54547";49517
"54549";7010
"54578";18235
"54580";9082
"55029";22332
"55122";7603
"55181";7106
"55291";4843
"55463";4740
"55545";25073
"56001";4454
"56003";5273
"56007";16608
"56008";4810
"56010";7776
"56013";3348
"56023";10013
"56034";3384
"56036";10296
"56040";5069
"56046";3389
"56053";10190
"56054";5076
"56058";4694
"56061";3540
"56066";3442
"56067";8191
"56075";9286
"56078";15331
"56083";26057
"56090";9134
"56094";10536
"56097";8590
"56098";35304
"56101";11081
"56107";7459
"56117";5834
"56118";4279
"56119";4846
"56121";71669
"56137";5522
"56140";5501
"56143";5078
"56144";2858
"56147";5892
"56151";4342
"56158";7594
"56162";18725
"56164";8993
"56165";11220
"56166";7963
"56169";5503
"56173";4344
"56175";7906
"56176";10315
"56177";11662
"56178";17030
"56179";6382
"56184";11050
"56185";11182
"56186";3370
"56193";7260
"56206";16831
"56231";5302
"56240";6230
"56243";8755
"56247";5976
"56248";6634
"56251";9902
"56260";66499
"57012";8431
"57019";16174
"57032";6672
"57038";4728
"57049";6408
"57058";9415
"57089";6180
"57097";8954
"57106";5318
"57123";4538
"57143";4498
"57144";3972
"57159";4716
"57160";15094
"57206";25963
"57207";8765
"57209";6761
"57221";19966
"57224";5674
"57227";33442
"57240";20503
"57269";11251
"57283";12826
"57306";25678
"57323";11273
"57332";8410
"57336";7812
"57412";4061
"57413";3991
"57433";20030
"57443";9761
"57447";12324
"57463";185040
"57474";8186
"57480";31090
"57483";7567
"57487";6605
"57491";12348
"57508";6079
"57537";7894
"57540";6989
"57591";14237
"57606";22411
"57616";4027
"57620";6734
"57628";6526
"57630";18348
"57631";28140
"57647";5462
"57660";11690
"57663";11803
"57666";11700
"57672";59244
"57683";14568
"57751";28174
"57757";29998
"58059";6264
"58079";4639
"58086";10082
"58088";4344
"58095";5309
"58117";4925
"58121";6130
"58160";5556
"58194";43874
"58303";10534
"59002";8482
"59005";5810
"59008";21187
"59009";110465
"59011";18437
"59014";29023
"59017";52572
"59024";8594
"59028";13970
"59032";10142
"59033";13949
"59036";6758
"59037";5131
"59043";25097
"59044";7798
"59051";11813
"59052";8311
"59067";3715
"59079";14976
"59090";16013
"59092";6682
"59094";10291
"59098";9276
"59107";5582
"59112";27173
"59122";46094
"59131";14782
"59136";12715
"59139";26926
"59143";15139
"59152";25486
"59153";19133
"59155";33888
"59160";10061
"59163";39643
"59165";10430
"59168";8621
"59170";10034
"59172";55927
"59178";65561
"59179";26345
"59183";119544
"59202";10848
"59205";23234
"59207";9348
"59212";12389
"59220";40385
"59225";9977
"59227";10637
"59230";9761
"59234";11009
"59239";9866
"59249";17887
"59253";15091
"59260";5561
"59266";7685
"59268";10370
"59271";47088
"59272";6739
"59273";18125
"59276";8520
"59278";9245
"59279";39804
"59284";7766
"59286";30917
"59291";27526
"59295";31094
"59299";38899
"59301";8513
"59302";8141
"59309";5458
"59314";6274
"59317";14738
"59322";7654
"59324";20513
"59327";13478
"59328";44623
"59329";6852
"59331";4994
"59339";15602
"59340";4817
"59343";18581
"59350";361490
"59352";12905
"59359";9132
"59360";45955
"59361";10423
"59365";12775
"59367";28956
"59368";36415
"59369";6600
"59375";8990
"59378";65551
"59383";22411
"59386";21792
"59390";8167
"59392";51341
"59398";5484
"59400";16651
"59410";43858
"59414";7121
"59421";23662
"59426";16291
"59428";5635
"59431";11861
"59447";18408
"59449";16231
"59452";14371
"59456";12756
"59457";16375
"59459";9144
"59462";7164
"59477";9094
"59481";7517
"59482";13102
"59484";14038
"59489";5606
"59491";28344
"59504";7454
"59507";37764
"59508";21406
"59509";10642
"59512";287803
"59514";6014
"59524";10853
"59526";28466
"59527";23441
"59544";19514
"59553";9730
"59560";22385
"59566";6638
"59569";30360
"59571";7550
"59574";22702
"59580";6737
"59581";5801
"59585";4985
"59586";9962
"59588";11191
"59592";7166
"59598";6821
"59599";245491
"59603";10116
"59606";75062
"59616";20513
"59632";9266
"59636";20213
"59646";37224
"59648";27439
"59650";90266
"59653";14918
"59654";16222
"59656";10020
"59663";8897
"60012";4330
"60057";108492
"60088";5266
"60103";5460
"60104";6938
"60139";13229
"60141";14563
"60143";3866
"60151";4466
"60155";5686
"60157";14016
"60159";52740
"60172";5196
"60175";74119
"60176";17652
"60178";5748
"60223";4711
"60282";10867
"60338";7063
"60342";8856
"60346";11290
"60360";10913
"60382";13512
"60395";21586
"60414";28409
"60439";7894
"60446";6612
"60450";6490
"60463";41129
"60471";22073
"60482";3814
"60500";5815
"60509";19975
"60537";5153
"60575";5945
"60581";8414
"60584";6499
"60612";20448
"60636";5798
"60667";5621
"60670";6583
"60684";13606
"61001";38350
"61006";11561
"61007";3101
"61145";2628
"61168";4234
"61169";13822
"61214";7670
"61293";3420
"61397";3677
"61464";3528
"61474";1037
"61484";1778
"61486";3871
"62004";13555
"62014";13574
"62019";6221
"62032";7937
"62033";9305
"62035";10488
"62038";6065
"62040";15223
"62041";73387
"62048";20299
"62051";9022
"62057";9934
"62065";35455
"62080";3641
"62083";14119
"62099";9526
"62108";18545
"62119";48007
"62126";16649
"62128";9180
"62132";9180
"62133";19680
"62139";7750
"62160";73044
"62173";9454
"62178";37810
"62186";25171
"62193";134978
"62194";10476
"62215";35635
"62244";7234
"62249";19973
"62250";20892
"62261";4558
"62263";6871
"62268";9365
"62270";16234
"62274";13961
"62276";11686
"62297";6528
"62318";17184
"62321";10284
"62351";12727
"62361";4718
"62386";14858
"62397";8650
"62400";9334
"62401";8518
"62413";24931
"62427";56417
"62443";11930
"62457";11981
"62464";6626
"62473";13222
"62489";4961
"62491";9257
"62497";15458
"62498";69343
"62502";8441
"62510";59832
"62516";17998
"62523";10462
"62525";15202
"62528";12967
"62534";5342
"62548";18182
"62555";10274
"62560";7363
"62563";18941
"62570";21511
"62571";4378
"62573";7858
"62587";18708
"62604";5345
"62617";19068
"62624";13294
"62628";13236
"62637";19637
"62643";24245
"62645";9516
"62667";17645
"62688";6319
"62724";20335
"62736";5947
"62737";10644
"62744";5069
"62746";9187
"62753";9953
"62755";5522
"62757";5902
"62758";18041
"62764";7426
"62765";23681
"62767";6989
"62771";20880
"62773";9326
"62774";6595
"62826";2714
"62842";16157
"62846";9331
"62848";5302
"62861";5398
"62863";7747
"62865";11299
"62893";7615
"62894";6720
"62895";17585
"62902";5129
"62907";18360
"63003";7202
"63014";11724
"63019";6103
"63032";12809
"63040";8016
"63042";5522
"63050";6103
"63063";14232
"63069";9242
"63070";9266
"63075";16726
"63103";8246
"63113";201125
"63124";30194
"63125";4853
"63164";20515
"63178";20100
"63193";12122
"63195";12430
"63214";6386
"63245";5866
"63263";5131
"63284";21713
"63300";30137
"63302";5083
"63307";10056
"63308";5621
"63338";3209
"63345";6941
"63430";14352
"63453";6650
"63455";5218
"63457";8935
"63470";9070
"64024";49291
"64038";4493
"64061";4985
"64065";7006
"64100";6454
"64102";69941
"64122";21218
"64125";11945
"64129";22250
"64132";6050
"64140";20357
"64160";7608
"64189";6708
"64230";8594
"64237";4762
"64256";11652
"64260";18502
"64269";7392
"64284";9062
"64335";13337
"64348";18826
"64393";6142
"64405";6439
"64407";10394
"64410";8369
"64422";14861
"64430";10147
"64445";95964
"64483";14566
"64495";12163
"64496";9797
"64499";3511
"64511";5654
"64519";5698
"64545";13819
"64547";11311
"65047";9415
"65059";6768
"65062";4836
"65100";10630
"65235";5911
"65258";5882
"65286";15600
"65331";4433
"65417";6530
"65440";59594
"65460";5009
"66002";5609
"66003";3259
"66008";12540
"66011";6029
"66012";4778
"66016";3590
"66017";3173
"66021";11453
"66024";7051
"66028";14304
"66037";9986
"66038";11167
"66049";7459
"66050";7435
"66065";16169
"66069";7018
"66088";7171
"66108";7406
"66136";202447
"66140";6758
"66141";21979
"66144";8299
"66148";4368
"66149";5858
"66164";13442
"66168";4068
"66171";9007
"66172";15730
"66180";13428
"66182";5662
"66189";8066
"66190";4675
"66195";14851
"66196";3206
"66210";9862
"66212";5088
"66213";11998
"66224";5146
"66227";5474
"67021";12358
"67028";13872
"67043";39062
"67045";5890
"67046";30290
"67061";5623
"67067";17424
"67073";7169
"67106";9742
"67118";11335
"67130";24266
"67131";10049
"67137";11462
"67151";8208
"67152";15442
"67154";5998
"67176";5506
"67180";65350
"67194";7778
"67202";7531
"67204";18396
"67205";6984
"67212";6571
"67218";49661
"67222";6780
"67256";5165
"67267";44050
"67281";7812
"67282";6650
"67291";5563
"67300";19572
"67309";7798
"67313";13166
"67324";5575
"67339";6305
"67343";9886
"67345";6516
"67348";18648
"67365";30266
"67372";4399
"67378";7783
"67388";8894
"67389";7159
"67411";8633
"67437";15955
"67447";72146
"67458";8995
"67462";32112
"67471";14153
"67472";8760
"67482";548208
"67495";5251
"67506";10190
"67519";8947
"67520";8014
"67529";5990
"67544";7776
"67551";6427
"68004";6557
"68021";4620
"68042";5885
"68043";6814
"68056";8208
"68063";19066
"68066";92686
"68082";10870
"68112";14510
"68118";7618
"68126";2654
"68145";8208
"68149";9029
"68154";26714
"68155";6074
"68156";4181
"68162";3149
"68163";7025
"68166";23273
"68195";9029
"68201";4176
"68218";6449
"68224";218990
"68226";6187
"68249";3490
"68256";15962
"68269";5522
"68270";5705
"68271";16174
"68278";24175
"68287";4985
"68297";27233
"68298";9917
"68300";9214
"68309";5042
"68315";9890
"68321";6902
"68334";9998
"68338";4615
"68349";4874
"68374";11119
"68375";15763
"68376";28634
"69006";5482
"69009";13438
"69010";9785
"69013";5854
"69019";11734
"69024";4135
"69027";18703
"69028";10913
"69029";62894
"69034";56693
"69040";8054
"69043";12629
"69044";6283
"69046";7058
"69052";5508
"69063";7152
"69064";4128
"69066";3050
"69069";17033
"69072";11909
"69081";23522
"69088";12209
"69089";22260
"69091";34282
"69092";9547
"69094";9286
"69096";16831
"69100";14858
"69112";9811
"69115";6926
"69116";5309
"69127";5131
"69131";5556
"69133";7063
"69141";8978
"69142";10390
"69143";10709
"69149";42120
"69157";3696
"69159";2254
"69163";5868
"69176";8254
"69179";3473
"69191";8030
"69194";8779
"69199";41155
"69202";27396
"69204";31637
"69205";7550
"69206";5786
"69227";4606
"69228";3626
"69238";5098
"69243";14762
"69244";33106
"69248";5268
"69250";6674
"69255";10236
"69256";113587
"69259";143009
"69260";7930
"69264";56016
"69266";239515
"69268";5892
"69270";6941
"69271";15098
"69272";6348
"69273";17350
"69275";48446
"69276";20114
"69277";19872
"69278";8878
"69279";8594
"69282";58462
"69283";25766
"69285";6876
"69286";65088
"69287";8990
"69288";7490
"69289";7538
"69290";95388
"69291";9487
"69292";11599
"69297";8170
"70120";6017
"70245";4234
"70279";7903
"70285";13694
"70310";11026
"70311";7886
"70550";26801
"71014";11352
"71040";6509
"71047";3665
"71059";3034
"71073";6288
"71076";51674
"71090";5736
"71105";9086
"71118";7620
"71120";2717
"71137";3718
"71153";16855
"71176";6684
"71221";3926
"71230";5237
"71263";5722
"71270";51487
"71306";22308
"71310";5206
"71342";8150
"71445";7918
"71475";7814
"71486";8839
"71499";4932
"71543";5690
"72003";14419
"72008";6516
"72024";5227
"72039";3667
"72051";4615
"72054";5273
"72058";8330
"72071";4205
"72095";10894
"72124";5129
"72132";8227
"72154";14750
"72176";2842
"72180";6720
"72181";206796
"72200";5549
"72213";6562
"72231";6878
"72260";4258
"72264";12862
"72328";5335
"72329";5263
"72346";6005
"72386";4301
"73003";3406
"73006";4908
"73008";32191
"73010";6703
"73011";23465
"73029";7109
"73030";4538
"73031";6780
"73051";6758
"73054";7073
"73064";7176
"73065";82013
"73087";8786
"73128";5642
"73137";4128
"73150";2170
"73151";5647
"73154";3667
"73171";5726
"73179";15982
"73181";4579
"73213";12811
"73215";5498
"73222";8950
"73248";9154
"73257";3516
"73270";5863
"73303";8309
"74005";8556
"74008";6799
"74010";96593
"74012";50359
"74019";6960
"74026";8426
"74042";18142
"74043";7865
"74056";10915
"74081";23126
"74082";2671
"74094";10802
"74096";6862
"74104";3830
"74105";7522
"74112";10286
"74119";17174
"74123";9077
"74128";4687
"74133";9581
"74137";7332
"74143";5071
"74164";8131
"74169";7966
"74208";14786
"74213";15394
"74218";15926
"74220";10927
"74224";15055
"74225";25080
"74229";4068
"74236";6787
"74241";5345
"74242";6557
"74243";17772
"74250";11597
"74256";20352
"74263";6850
"74264";12970
"74267";5054
"74272";9334
"74276";4267
"74278";7368
"74280";9134
"74281";45929
"74282";6816
"74288";6425
"74293";3149
"74298";10663
"74303";5522
"74305";12838
"74309";6626
"74311";6372
"76057";21202
"76095";11753
"76103";8587
"76108";18914
"76114";17347
"76116";8770
"76157";26674
"76164";2602
"76165";16915
"76178";9161
"76212";17021
"76216";17318
"76217";36372
"76222";5482
"76231";30079
"76255";6965
"76258";3914
"76259";22810
"76276";3677
"76305";13394
"76312";7409
"76319";20110
"76322";39958
"76341";13188
"76351";238918
"76366";7241
"76377";5352
"76384";12295
"76402";11959
"76410";19231
"76429";11138
"76447";20273
"76451";22788
"76452";6641
"76462";6278
"76474";10373
"76475";10058
"76476";14978
"76481";8902
"76484";21581
"76495";13594
"76497";15814
"76498";42833
"76540";167990
"76552";7574
"76561";12262
"76575";62201
"76599";6055
"76618";4186
"76624";5251
"76640";13558
"76647";6451
"76655";3946
"76681";52651
"76709";6348
"76711";5081
"76758";14974
"77005";5376
"77014";18802
"77018";15905
"77037";10032
"77040";6689
"77053";39019
"77055";10234
"77058";57922
"77067";28334
"77079";8395
"77083";51101
"77085";9422
"77100";7042
"77107";4934
"77108";114444
"77111";14741
"77114";8201
"77118";24950
"77121";6977
"77122";48931
"77131";19092
"77139";15276
"77142";6406
"77143";8350
"77152";53186
"77153";16140
"77155";6012
"77169";16109
"77171";13572
"77181";7867
"77182";5388
"77183";11604
"77186";18523
"77192";8342
"77215";12437
"77222";9257
"77238";5210
"77243";39634
"77249";10709
"77251";40711
"77257";4836
"77258";27478
"77268";20234
"77276";4766
"77284";89182
"77285";45727
"77288";81540
"77294";48922
"77296";44724
"77305";29028
"77307";30005
"77315";8050
"77316";7697
"77317";7874
"77320";7759
"77326";15943
"77327";13615
"77330";8393
"77333";16598
"77335";4766
"77337";30439
"77349";10646
"77350";32671
"77372";8395
"77373";76123
"77378";7670
"77379";14981
"77382";8887
"77389";5976
"77390";44057
"77407";37099
"77413";6478
"77419";4238
"77420";5081
"77430";9749
"77431";5698
"77437";5102
"77438";11381
"77445";67488
"77449";17700
"77450";6245
"77458";6336
"77463";4205
"77464";18094
"77468";48679
"77470";11330
"77475";6718
"77479";27410
"77482";3794
"77487";20328
"77495";21106
"77513";7872
"77514";61397
"78003";5518
"78005";36984
"78015";20647
"78029";17959
"78043";5057
"78062";12079
"78073";24895
"78089";7234
"78092";13846
"78117";9653
"78118";5448
"78123";34373
"78124";20338
"78126";29316
"78133";6982
"78138";19174
"78146";47405
"78158";33276
"78160";6761
"78165";25920
"78168";6398
"78172";60970
"78190";13217
"78206";6259
"78208";46102
"78217";9982
"78220";9096
"78224";5503
"78242";19858
"78255";6163
"78267";10946
"78297";57778
"78310";5033
"78311";50916
"78314";6132
"78321";8635
"78322";9619
"78327";5280
"78335";34147
"78350";10332
"78354";10402
"78356";15744
"78358";32690
"78361";73913
"78362";38136
"78367";4279
"78372";23186
"78380";8206
"78382";6607
"78383";29410
"78396";7116
"78397";9806
"78401";15002
"78402";5724
"78418";21965
"78423";52541
"78440";58265
"78442";4954
"78455";8782
"78466";10829
"78481";21684
"78486";10097
"78490";49001
"78498";62585
"78502";7574
"78517";35674
"78531";12259
"78537";7142
"78545";36151
"78551";53770
"78571";6886
"78575";10178
"78586";91922
"78621";65916
"78624";19555
"78638";7514
"78640";34675
"78642";22654
"78643";16018
"78644";8837
"78646";121493
"78650";19222
"78672";6986
"78674";20016
"78686";25440
"78688";16886
"79003";7973
"79048";9132
"79049";23285
"79061";4934
"79062";5256
"79079";10411
"79081";13164
"79109";5316
"79174";3986
"79179";3379
"79185";4507
"79191";85282
"79195";6439
"79202";9161
"79270";9288
"79329";11551
"79355";5522
"80001";34898
"80016";15667
"80021";235898
"80131";4651
"80164";6535
"80212";9305
"80253";15146
"80368";6408
"80410";6691
"80489";9295
"80561";11618
"80570";6694
"80620";12504
"80674";6559
"80685";9862
"80725";3706
"80799";9341
"81004";72485
"81021";6922
"81060";12670
"81065";59395
"81099";21833
"81105";18458
"81120";9926
"81140";15190
"81144";6672
"81145";6626
"81156";5210
"81163";12180
"81218";3610
"81220";8038
"81222";4973
"81257";9350
"81271";18689
"81273";5326
"82002";5290
"82013";5299
"82025";5275
"82033";21286
"82037";9530
"82075";6775
"82079";6134
"82112";16944
"82121";101760
"82124";7531
"82125";10574
"82134";7966
"82161";5921
"82186";6408
"82190";8837
"83004";10565
"83009";8786
"83016";14659
"83019";10061
"83023";27864
"83027";5443
"83029";5417
"83031";6031
"83032";4320
"83033";6701
"83034";11414
"83035";6643
"83036";7603
"83042";15674
"83047";34214
"83048";3437
"83049";43195
"83050";62666
"83054";18542
"83055";8126
"83057";5186
"83058";4253
"83061";76296
"83062";38957
"83064";6132
"83067";5837
"83068";4841
"83069";68498
"83070";8146
"83071";15449
"83072";11081
"83073";16325
"83081";11441
"83086";15254
"83087";7298
"83090";20794
"83091";15898
"83092";8038
"83097";9418
"83098";14088
"83099";20503
"83100";8359
"83103";5294
"83104";5213
"83106";8623
"83107";26566
"83112";13478
"83115";15149
"83116";24300
"83118";35383
"83119";3790
"83120";7865
"83121";5534
"83123";14861
"83126";117550
"83129";45154
"83130";32323
"83131";17393
"83137";287599
"83140";7577
"83141";8448
"83143";5186
"83144";37068
"83148";17777
"83150";5539
"83153";6048
"84003";14762
"84004";6780
"84007";168917
"84016";7097
"84019";19577
"84026";5587
"84029";5832
"84030";3655
"84031";39605
"84034";6833
"84035";38354
"84036";3722
"84038";5182
"84039";9262
"84043";12245
"84054";22159
"84056";7390
"84064";5018
"84065";5290
"84072";7915
"84078";5659
"84080";17498
"84081";12674
"84087";36845
"84088";11558
"84089";31440
"84091";8362
"84092";26263
"84099";5702
"84119";5935
"84122";6218
"84129";33271
"84132";9955
"84133";5258
"84137";5832
"84138";10872
"84141";18497
"84147";5237
"85003";12151
"85008";6468
"85018";2678
"85019";5138
"85020";5191
"85034";4519
"85035";3859
"85039";5774
"85046";4831
"85047";18701
"85051";8395
"85065";3888
"85070";3334
"85071";4176
"85076";5148
"85081";5998
"85084";8443
"85088";4685
"85089";8340
"85090";3936
"85092";10973
"85096";6924
"85108";5510
"85109";17966
"85113";3727
"85128";7123
"85129";4032
"85146";6725
"85151";6850
"85152";4834
"85155";5794
"85163";2935
"85178";10524
"85182";4982
"85190";5450
"85191";63053
"85194";9984
"85197";3146
"85213";3907
"85215";4130
"85222";5357
"85226";8095
"85234";6674
"85238";4349
"85262";5834
"85284";3641
"85288";7550
"85295";5251
"85300";6259
"85302";5078
"86041";15014
"86062";5453
"86066";58450
"86070";9785
"86082";2482
"86100";7219
"86115";11227
"86133";5126
"86137";6158
"86157";7428
"86158";9770
"86163";6655
"86165";5436
"86174";10018
"86177";8885
"86194";129401
"86214";9492
"86222";7130
"86281";7382
"86293";6070
"86294";5695
"86297";10013
"87001";8119
"87002";9413
"87011";3823
"87048";9432
"87050";18938
"87065";10846
"87075";10632
"87085";201677
"87113";9703
"87114";17810
"87125";6852
"87126";3348
"87154";14081
"87161";5465
"87187";7027
"87201";8950
"88009";5088
"88075";3758
"88090";9492
"88160";46870
"88196";7668
"88209";13080
"88304";6091
"88321";8287
"88367";9487
"88372";14746
"88383";7954
"88408";4646
"88413";29748
"88415";4894
"88429";4392
"88465";10512
"88486";4589
"88487";3605
"88516";4690
"89024";43620
"89025";6797
"89086";1682
"89206";10313
"89257";7992
"89263";4361
"89287";7764
"89309";3778
"89345";5316
"89387";32162
"89418";4788
"89460";3389
"89464";4954
"90008";5904
"90009";7536
"90010";67918
"90032";5393
"90033";8794
"90039";5280
"90075";6218
"90099";6811
"91016";6876
"91021";16145
"91027";61085
"91044";6924
"91045";11638
"91064";7258
"91085";6146
"91086";14491
"91097";13574
"91103";42012
"91105";12826
"91111";4529
"91114";33466
"91115";4538
"91122";12394
"91129";5081
"91161";30823
"91174";90528
"91179";6902
"91191";14513
"91200";12149
"91201";42816
"91207";10627
"91215";19349
"91216";13932
"91223";34133
"91226";7673
"91228";101609
"91232";4819
"91235";18982
"91249";6667
"91272";23758
"91286";47263
"91312";15648
"91315";10704
"91326";26146
"91330";7380
"91333";7385
"91338";8491
"91339";11383
"91340";13738
"91345";30535
"91347";9396
"91363";11496
"91376";9082
"91377";90288
"91386";22466
"91390";4154
"91405";5230
"91421";36564
"91425";11424
"91432";20635
"91433";5081
"91434";32914
"91457";6842
"91458";6662
"91461";8150
"91471";18026
"91477";53165
"91479";10380
"91494";5717
"91514";14825
"91521";49147
"91534";7807
"91540";6670
"91549";51161
"91552";19265
"91553";10375
"91570";31735
"91573";20909
"91577";8938
"91587";9886
"91589";53059
"91600";9293
"91617";9120
"91645";17570
"91657";49171
"91659";7685
"91661";13870
"91665";11107
"91667";9322
"91685";6986
"91687";50198
"91689";13752
"91691";42662
"91692";41738
"92002";97702
"92004";145070
"92007";66149
"92009";40805
"92012";158921
"92014";28025
"92019";53095
"92020";60770
"92022";30434
"92023";76181
"92024";99538
"92025";130759
"92026";123926
"92032";35623
"92033";26602
"92035";46394
"92036";85109
"92040";110832
"92044";101458
"92046";40394
"92048";67354
"92049";68978
"92050";156578
"92051";62467
"92060";46606
"92062";68189
"92063";115406
"92064";43073
"92071";22978
"92072";30060
"92073";78502
"92075";35894
"92076";10205
"92077";13541
"92078";41606
"93001";169925
"93005";138425
"93006";60420
"93007";107052
"93008";116167
"93010";115555
"93013";29717
"93014";64805
"93015";7034
"93027";83239
"93029";140066
"93030";23911
"93031";98323
"93032";68021
"93033";10082
"93039";14724
"93045";35813
"93046";83028
"93047";47878
"93048";170676
"93049";31925
"93050";59630
"93051";109178
"93053";77681
"93055";101731
"93057";42905
"93059";63281
"93061";27838
"93062";21348
"93063";54670
"93064";84638
"93066";209681
"93070";88015
"93071";89117
"93072";80242
"93073";62040
"93074";12509
"93077";51485
"93078";67078
"93079";23575
"94001";9845
"94002";71491
"94003";31822
"94004";26400
"94011";28973
"94015";26227
"94016";41789
"94017";127226
"94018";48295
"94019";28586
"94021";30214
"94022";75924
"94028";155549
"94033";79886
"94034";44098
"94037";24170
"94038";48230
"94041";93221
"94042";28296
"94043";29028
"94044";52872
"94046";85291
"94047";6636
"94048";6898
"94052";46524
"94053";6787
"94054";46272
"94055";13207
"94058";47378
"94059";29923
"94060";20318
"94065";8304
"94067";32350
"94068";91906
"94069";21269
"94070";5642
"94071";36631
"94073";44066
"94074";29362
"94075";18278
"94076";82519
"94077";34337
"94078";57564
"94079";45185
"94080";67632
"94081";148934
"95018";203858
"95019";22687
"95039";8724
"95051";12984
"95052";14254
"95060";12948
"95063";54497
"95091";10752
"95116";7430
"95127";130481
"95134";7531
"95149";4486
"95176";41297
"95183";10884
"95197";41530
"95199";26138
"95203";40282
"95205";11791
"95210";15247
"95218";34200
"95219";48586
"95229";15175
"95250";17393
"95252";64733
"95256";5832
"95257";6072
"95268";83875
"95277";49822
"95280";66790
"95288";14570
"95306";51293
"95313";16217
"95323";28939
"95351";17364
"95352";7193
"95355";8395
"95370";4858
"95371";9108
"95388";10658
"95392";7543
"95394";15394
"95424";36386
"95427";26952
"95428";30242
"95430";5390
"95476";26654
"95480";7447
"95487";23808
"95488";15797
"95491";13718
"95500";47597
"95504";5342
"95509";5642
"95539";26683
"95555";29395
"95563";24024
"95572";42538
"95574";8532
"95582";42120
"95585";116237
"95598";27710
"95604";6158
"95607";40085
"95612";6965
"95637";27206
"95652";7219
"95680";55646
"97101";66859
"97102";3521
"97103";34349
"97104";4766
"97105";9773
"97106";5455
"97107";18204
"97109";7627
"97111";3415
"97112";5126
"97113";28555
"97114";8388
"97115";21286
"97116";16063
"97117";28726
"97118";27619
"97119";6650
"97120";18840
"97121";6650
"97122";7282
"97124";7848
"97125";19673
"97128";23311
"97129";18430
"97132";7870
"97134";7841
"97202";3574
"97204";3175
"97205";5417
"97206";9362
"97207";21300
"97209";162646
"97210";19128
"97212";9910
"97213";81490
"97214";6034
"97217";13188
"97218";4344
"97220";16891
"97221";35189
"97222";23443
"97223";10238
"97224";22853
"97225";4406
"97226";9127
"97227";19747
"97228";15895
"97229";49970
"97230";14981
"97231";22154
"97232";10068
"97302";126238
"97304";60343
"97305";30187
"97306";15264
"97307";59254
"97308";3062
"97309";33178
"97310";2916
"97311";106286
"97353";1138
"97357";1474
"97360";4445
"97362";497
"97401";27950
"97402";32952
"97403";17309
"97404";34764
"97405";28922
"97406";16651
"97407";106418
"97408";106915
"97409";171742
"97410";110174
"97411";386638
"97412";98870
"97413";95201
"97414";173088
"97415";274279
"97416";240972
"97417";12134
"97418";95630
"97419";13548
"97420";59146
"97421";19068
"97422";219619
"97423";18542
"97424";13874
